"Data Source","World Development Indicators",

"Last Updated Date","2018-11-14",

"Country Name","Country Code","Indicator Name","Indicator Code","1960","1961","1962","1963","1964","1965","1966","1967","1968","1969","1970","1971","1972","1973","1974","1975","1976","1977","1978","1979","1980","1981","1982","1983","1984","1985","1986","1987","1988","1989","1990","1991","1992","1993","1994","1995","1996","1997","1998","1999","2000","2001","2002","2003","2004","2005","2006","2007","2008","2009","2010","2011","2012","2013","2014","2015","2016","2017",
"Aruba","ABW","Suicide mortality rate (per 100,000 population)","SH.STA.SUIC.P5","","","","","","","","","","","","","","","","","","","","","","","","","","","","","","","","","","","","","","","","","","","","","","","","","","","","","","","","","","",
"Afghanistan","AFG","Suicide mortality rate (per 100,000 population)","SH.STA.SUIC.P5","","","","","","","","","","","","","","","","","","","","","","","","","","","","","","","","","","","","","","","","","5.7","","","","","6.3","","","","","5.1","","","","","4.8","4.7","",
"Angola","AGO","Suicide mortality rate (per 100,000 population)","SH.STA.SUIC.P5","","","","","","","","","","","","","","","","","","","","","","","","","","","","","","","","","","","","","","","","","7.9","","","","","7.2","","","","","5.7","","","","","5","4.7","",
"Albania","ALB","Suicide mortality rate (per 100,000 population)","SH.STA.SUIC.P5","","","","","","","","","","","","","","","","","","","","","","","","","","","","","","","","","","","","","","","","","5.5","","","","","6.7","","","","","7.8","","","","","6","6.3","",
"Andorra","AND","Suicide mortality rate (per 100,000 population)","SH.STA.SUIC.P5","","","","","","","","","","","","","","","","","","","","","","","","","","","","","","","","","","","","","","","","","","","","","","","","","","","","","","","","","","",
"Arab World","ARB","Suicide mortality rate (per 100,000 population)","SH.STA.SUIC.P5","","","","","","","","","","","","","","","","","","","","","","","","","","","","","","","","","","","","","","","","","4.32819517412245","","","","","4.31246175693637","","","","","4.20642884435748","","","","","4.20217897014787","4.2660818072258","",
"United Arab Emirates","ARE","Suicide mortality rate (per 100,000 population)","SH.STA.SUIC.P5","","","","","","","","","","","","","","","","","","","","","","","","","","","","","","","","","","","","","","","","","3.2","","","","","3.1","","","","","3","","","","","2.8","2.8","",
"Argentina","ARG","Suicide mortality rate (per 100,000 population)","SH.STA.SUIC.P5","","","","","","","","","","","","","","","","","","","","","","","","","","","","","","","","","","","","","","","","","9.5","","","","","9","","","","","8.7","","","","","8.8","9.2","",
"Armenia","ARM","Suicide mortality rate (per 100,000 population)","SH.STA.SUIC.P5","","","","","","","","","","","","","","","","","","","","","","","","","","","","","","","","","","","","","","","","","3.3","","","","","4.4","","","","","6","","","","","7","6.6","",
"American Samoa","ASM","Suicide mortality rate (per 100,000 population)","SH.STA.SUIC.P5","","","","","","","","","","","","","","","","","","","","","","","","","","","","","","","","","","","","","","","","","","","","","","","","","","","","","","","","","","",
"Antigua and Barbuda","ATG","Suicide mortality rate (per 100,000 population)","SH.STA.SUIC.P5","","","","","","","","","","","","","","","","","","","","","","","","","","","","","","","","","","","","","","","","","2","","","","","1.2","","","","","0.3","","","","","0.8","0.5","",
"Australia","AUS","Suicide mortality rate (per 100,000 population)","SH.STA.SUIC.P5","","","","","","","","","","","","","","","","","","","","","","","","","","","","","","","","","","","","","","","","","13.2","","","","","12.3","","","","","12.5","","","","","13.8","13.2","",
"Austria","AUT","Suicide mortality rate (per 100,000 population)","SH.STA.SUIC.P5","","","","","","","","","","","","","","","","","","","","","","","","","","","","","","","","","","","","","","","","","20","","","","","17.3","","","","","16","","","","","16","15.6","",
"Azerbaijan","AZE","Suicide mortality rate (per 100,000 population)","SH.STA.SUIC.P5","","","","","","","","","","","","","","","","","","","","","","","","","","","","","","","","","","","","","","","","","2.2","","","","","3.2","","","","","3.1","","","","","2.7","2.6","",
"Burundi","BDI","Suicide mortality rate (per 100,000 population)","SH.STA.SUIC.P5","","","","","","","","","","","","","","","","","","","","","","","","","","","","","","","","","","","","","","","","","7.1","","","","","8.4","","","","","9","","","","","8.9","9.1","",
"Belgium","BEL","Suicide mortality rate (per 100,000 population)","SH.STA.SUIC.P5","","","","","","","","","","","","","","","","","","","","","","","","","","","","","","","","","","","","","","","","","22.7","","","","","21.2","","","","","21.3","","","","","20.1","20.7","",
"Benin","BEN","Suicide mortality rate (per 100,000 population)","SH.STA.SUIC.P5","","","","","","","","","","","","","","","","","","","","","","","","","","","","","","","","","","","","","","","","","9.5","","","","","9.7","","","","","9.6","","","","","9.9","9.9","",
"Burkina Faso","BFA","Suicide mortality rate (per 100,000 population)","SH.STA.SUIC.P5","","","","","","","","","","","","","","","","","","","","","","","","","","","","","","","","","","","","","","","","","8.2","","","","","7.6","","","","","7.5","","","","","7.7","7.7","",
"Bangladesh","BGD","Suicide mortality rate (per 100,000 population)","SH.STA.SUIC.P5","","","","","","","","","","","","","","","","","","","","","","","","","","","","","","","","","","","","","","","","","6.7","","","","","6.3","","","","","6.4","","","","","6.1","5.9","",
"Bulgaria","BGR","Suicide mortality rate (per 100,000 population)","SH.STA.SUIC.P5","","","","","","","","","","","","","","","","","","","","","","","","","","","","","","","","","","","","","","","","","18.5","","","","","13.4","","","","","12.5","","","","","11.4","11.5","",
"Bahrain","BHR","Suicide mortality rate (per 100,000 population)","SH.STA.SUIC.P5","","","","","","","","","","","","","","","","","","","","","","","","","","","","","","","","","","","","","","","","","6.7","","","","","7","","","","","5.2","","","","","5.9","5.9","",
"Bahamas, The","BHS","Suicide mortality rate (per 100,000 population)","SH.STA.SUIC.P5","","","","","","","","","","","","","","","","","","","","","","","","","","","","","","","","","","","","","","","","","2","","","","","2.2","","","","","2","","","","","1.8","1.7","",
"Bosnia and Herzegovina","BIH","Suicide mortality rate (per 100,000 population)","SH.STA.SUIC.P5","","","","","","","","","","","","","","","","","","","","","","","","","","","","","","","","","","","","","","","","","10.7","","","","","9.3","","","","","8","","","","","8.9","8.8","",
"Belarus","BLR","Suicide mortality rate (per 100,000 population)","SH.STA.SUIC.P5","","","","","","","","","","","","","","","","","","","","","","","","","","","","","","","","","","","","","","","","","43.1","","","","","45.1","","","","","38.2","","","","","26.3","26.2","",
"Belize","BLZ","Suicide mortality rate (per 100,000 population)","SH.STA.SUIC.P5","","","","","","","","","","","","","","","","","","","","","","","","","","","","","","","","","","","","","","","","","5.5","","","","","4.9","","","","","4.9","","","","","4.8","4.7","",
"Bermuda","BMU","Suicide mortality rate (per 100,000 population)","SH.STA.SUIC.P5","","","","","","","","","","","","","","","","","","","","","","","","","","","","","","","","","","","","","","","","","","","","","","","","","","","","","","","","","","",
"Bolivia","BOL","Suicide mortality rate (per 100,000 population)","SH.STA.SUIC.P5","","","","","","","","","","","","","","","","","","","","","","","","","","","","","","","","","","","","","","","","","16.4","","","","","15.3","","","","","14.1","","","","","12.4","12.2","",
"Brazil","BRA","Suicide mortality rate (per 100,000 population)","SH.STA.SUIC.P5","","","","","","","","","","","","","","","","","","","","","","","","","","","","","","","","","","","","","","","","","4.8","","","","","5.5","","","","","5.7","","","","","6.5","6.5","",
"Barbados","BRB","Suicide mortality rate (per 100,000 population)","SH.STA.SUIC.P5","","","","","","","","","","","","","","","","","","","","","","","","","","","","","","","","","","","","","","","","","2.1","","","","","3.7","","","","","2.1","","","","","0.7","0.8","",
"Brunei Darussalam","BRN","Suicide mortality rate (per 100,000 population)","SH.STA.SUIC.P5","","","","","","","","","","","","","","","","","","","","","","","","","","","","","","","","","","","","","","","","","2.8","","","","","3.3","","","","","3.7","","","","","4.5","4.6","",
"Bhutan","BTN","Suicide mortality rate (per 100,000 population)","SH.STA.SUIC.P5","","","","","","","","","","","","","","","","","","","","","","","","","","","","","","","","","","","","","","","","","12.4","","","","","12.2","","","","","11.1","","","","","11.6","11.4","",
"Botswana","BWA","Suicide mortality rate (per 100,000 population)","SH.STA.SUIC.P5","","","","","","","","","","","","","","","","","","","","","","","","","","","","","","","","","","","","","","","","","11.8","","","","","12.6","","","","","11.1","","","","","9.7","9.3","",
"Central African Republic","CAF","Suicide mortality rate (per 100,000 population)","SH.STA.SUIC.P5","","","","","","","","","","","","","","","","","","","","","","","","","","","","","","","","","","","","","","","","","8.8","","","","","8.8","","","","","9.5","","","","","8.1","7.7","",
"Canada","CAN","Suicide mortality rate (per 100,000 population)","SH.STA.SUIC.P5","","","","","","","","","","","","","","","","","","","","","","","","","","","","","","","","","","","","","","","","","13","","","","","13.2","","","","","13","","","","","12.5","12.5","",
"Central Europe and the Baltics","CEB","Suicide mortality rate (per 100,000 population)","SH.STA.SUIC.P5","","","","","","","","","","","","","","","","","","","","","","","","","","","","","","","","","","","","","","","","","19.7154432179202","","","","","18.2405481905954","","","","","18.0960515812889","","","","","15.5787897326952","15.1573079416604","",
"Switzerland","CHE","Suicide mortality rate (per 100,000 population)","SH.STA.SUIC.P5","","","","","","","","","","","","","","","","","","","","","","","","","","","","","","","","","","","","","","","","","21.8","","","","","20.8","","","","","16.2","","","","","17.1","17.2","",
"Channel Islands","CHI","Suicide mortality rate (per 100,000 population)","SH.STA.SUIC.P5","","","","","","","","","","","","","","","","","","","","","","","","","","","","","","","","","","","","","","","","","","","","","","","","","","","","","","","","","","",
"Chile","CHL","Suicide mortality rate (per 100,000 population)","SH.STA.SUIC.P5","","","","","","","","","","","","","","","","","","","","","","","","","","","","","","","","","","","","","","","","","10.9","","","","","10.6","","","","","12.2","","","","","10.9","10.6","",
"China","CHN","Suicide mortality rate (per 100,000 population)","SH.STA.SUIC.P5","","","","","","","","","","","","","","","","","","","","","","","","","","","","","","","","","","","","","","","","","13.2","","","","","11.7","","","","","10.9","","","","","9.6","9.7","",
"Cote d'Ivoire","CIV","Suicide mortality rate (per 100,000 population)","SH.STA.SUIC.P5","","","","","","","","","","","","","","","","","","","","","","","","","","","","","","","","","","","","","","","","","9.5","","","","","11.2","","","","","12.7","","","","","14.4","14.5","",
"Cameroon","CMR","Suicide mortality rate (per 100,000 population)","SH.STA.SUIC.P5","","","","","","","","","","","","","","","","","","","","","","","","","","","","","","","","","","","","","","","","","13.3","","","","","11.9","","","","","11.7","","","","","12.3","12.2","",
"Congo, Dem. Rep.","COD","Suicide mortality rate (per 100,000 population)","SH.STA.SUIC.P5","","","","","","","","","","","","","","","","","","","","","","","","","","","","","","","","","","","","","","","","","6.6","","","","","6.1","","","","","5.5","","","","","5.6","5.7","",
"Congo, Rep.","COG","Suicide mortality rate (per 100,000 population)","SH.STA.SUIC.P5","","","","","","","","","","","","","","","","","","","","","","","","","","","","","","","","","","","","","","","","","10","","","","","9.1","","","","","7.4","","","","","6.1","5.9","",
"Colombia","COL","Suicide mortality rate (per 100,000 population)","SH.STA.SUIC.P5","","","","","","","","","","","","","","","","","","","","","","","","","","","","","","","","","","","","","","","","","7.6","","","","","6.7","","","","","7.2","","","","","8.3","7.2","",
"Comoros","COM","Suicide mortality rate (per 100,000 population)","SH.STA.SUIC.P5","","","","","","","","","","","","","","","","","","","","","","","","","","","","","","","","","","","","","","","","","5.1","","","","","6.5","","","","","6.6","","","","","6.8","6.8","",
"Cabo Verde","CPV","Suicide mortality rate (per 100,000 population)","SH.STA.SUIC.P5","","","","","","","","","","","","","","","","","","","","","","","","","","","","","","","","","","","","","","","","","9.4","","","","","10.1","","","","","11.1","","","","","11","11.3","",
"Costa Rica","CRI","Suicide mortality rate (per 100,000 population)","SH.STA.SUIC.P5","","","","","","","","","","","","","","","","","","","","","","","","","","","","","","","","","","","","","","","","","7.3","","","","","7.9","","","","","8.6","","","","","7.9","7.9","",
"Caribbean small states","CSS","Suicide mortality rate (per 100,000 population)","SH.STA.SUIC.P5","","","","","","","","","","","","","","","","","","","","","","","","","","","","","","","","","","","","","","","","","9.08706137079678","","","","","8.69998380175272","","","","","9.25858059167689","","","","","9.12094105854922","9.09302736448569","",
"Cuba","CUB","Suicide mortality rate (per 100,000 population)","SH.STA.SUIC.P5","","","","","","","","","","","","","","","","","","","","","","","","","","","","","","","","","","","","","","","","","17.4","","","","","13","","","","","14.4","","","","","13.7","13.9","",
"Curacao","CUW","Suicide mortality rate (per 100,000 population)","SH.STA.SUIC.P5","","","","","","","","","","","","","","","","","","","","","","","","","","","","","","","","","","","","","","","","","","","","","","","","","","","","","","","","","","",
"Cayman Islands","CYM","Suicide mortality rate (per 100,000 population)","SH.STA.SUIC.P5","","","","","","","","","","","","","","","","","","","","","","","","","","","","","","","","","","","","","","","","","","","","","","","","","","","","","","","","","","",
"Cyprus","CYP","Suicide mortality rate (per 100,000 population)","SH.STA.SUIC.P5","","","","","","","","","","","","","","","","","","","","","","","","","","","","","","","","","","","","","","","","","2.2","","","","","2.6","","","","","5.7","","","","","4.9","5.3","",
"Czech Republic","CZE","Suicide mortality rate (per 100,000 population)","SH.STA.SUIC.P5","","","","","","","","","","","","","","","","","","","","","","","","","","","","","","","","","","","","","","","","","17","","","","","16.5","","","","","15.4","","","","","13.7","13.1","",
"Germany","DEU","Suicide mortality rate (per 100,000 population)","SH.STA.SUIC.P5","","","","","","","","","","","","","","","","","","","","","","","","","","","","","","","","","","","","","","","","","14.7","","","","","13.6","","","","","13.7","","","","","13.8","13.6","",
"Djibouti","DJI","Suicide mortality rate (per 100,000 population)","SH.STA.SUIC.P5","","","","","","","","","","","","","","","","","","","","","","","","","","","","","","","","","","","","","","","","","5.8","","","","","5.9","","","","","5.2","","","","","6.4","6.7","",
"Dominica","DMA","Suicide mortality rate (per 100,000 population)","SH.STA.SUIC.P5","","","","","","","","","","","","","","","","","","","","","","","","","","","","","","","","","","","","","","","","","","","","","","","","","","","","","","","","","","",
"Denmark","DNK","Suicide mortality rate (per 100,000 population)","SH.STA.SUIC.P5","","","","","","","","","","","","","","","","","","","","","","","","","","","","","","","","","","","","","","","","","16","","","","","16.2","","","","","12.7","","","","","11.9","12.8","",
"Dominican Republic","DOM","Suicide mortality rate (per 100,000 population)","SH.STA.SUIC.P5","","","","","","","","","","","","","","","","","","","","","","","","","","","","","","","","","","","","","","","","","9.1","","","","","8.2","","","","","8","","","","","9.7","9.9","",
"Algeria","DZA","Suicide mortality rate (per 100,000 population)","SH.STA.SUIC.P5","","","","","","","","","","","","","","","","","","","","","","","","","","","","","","","","","","","","","","","","","4.1","","","","","3.8","","","","","3.3","","","","","3.2","3.2","",
"East Asia & Pacific (excluding high income)","EAP","Suicide mortality rate (per 100,000 population)","SH.STA.SUIC.P5","","","","","","","","","","","","","","","","","","","","","","","","","","","","","","","","","","","","","","","","","11.1020740019542","","","","","9.88615689182021","","","","","9.34864881467883","","","","","8.40843329593129","8.46962934724555","",
"Early-demographic dividend","EAR","Suicide mortality rate (per 100,000 population)","SH.STA.SUIC.P5","","","","","","","","","","","","","","","","","","","","","","","","","","","","","","","","","","","","","","","","","10.8766878378025","","","","","10.8966702301794","","","","","10.2190278639893","","","","","10.0669299450956","9.93891976381762","",
"East Asia & Pacific","EAS","Suicide mortality rate (per 100,000 population)","SH.STA.SUIC.P5","","","","","","","","","","","","","","","","","","","","","","","","","","","","","","","","","","","","","","","","","12.0679464266214","","","","","11.2199482103938","","","","","10.8381791185602","","","","","9.54554381016362","9.50929037179529","",
"Europe & Central Asia (excluding high income)","ECA","Suicide mortality rate (per 100,000 population)","SH.STA.SUIC.P5","","","","","","","","","","","","","","","","","","","","","","","","","","","","","","","","","","","","","","","","","30.756238776399","","","","","29.5896582574493","","","","","23.8157171214649","","","","","19.2968853906787","18.6158934016459","",
"Europe & Central Asia","ECS","Suicide mortality rate (per 100,000 population)","SH.STA.SUIC.P5","","","","","","","","","","","","","","","","","","","","","","","","","","","","","","","","","","","","","","","","","21.9763741507687","","","","","20.8588780033706","","","","","17.9981230345803","","","","","15.7936423972648","15.5006128527103","",
"Ecuador","ECU","Suicide mortality rate (per 100,000 population)","SH.STA.SUIC.P5","","","","","","","","","","","","","","","","","","","","","","","","","","","","","","","","","","","","","","","","","6.1","","","","","8.9","","","","","8.5","","","","","9.6","7.1","",
"Egypt, Arab Rep.","EGY","Suicide mortality rate (per 100,000 population)","SH.STA.SUIC.P5","","","","","","","","","","","","","","","","","","","","","","","","","","","","","","","","","","","","","","","","","3.3","","","","","3.4","","","","","3.6","","","","","3.8","4","",
"Euro area","EMU","Suicide mortality rate (per 100,000 population)","SH.STA.SUIC.P5","","","","","","","","","","","","","","","","","","","","","","","","","","","","","","","","","","","","","","","","","14.4785007930655","","","","","13.4425909949296","","","","","13.0689375091064","","","","","12.9229297170859","12.9550260678878","",
"Eritrea","ERI","Suicide mortality rate (per 100,000 population)","SH.STA.SUIC.P5","","","","","","","","","","","","","","","","","","","","","","","","","","","","","","","","","","","","","","","","","11.6","","","","","10.4","","","","","9","","","","","8.1","7.9","",
"Spain","ESP","Suicide mortality rate (per 100,000 population)","SH.STA.SUIC.P5","","","","","","","","","","","","","","","","","","","","","","","","","","","","","","","","","","","","","","","","","8.6","","","","","8.1","","","","","7","","","","","8.1","8.7","",
"Estonia","EST","Suicide mortality rate (per 100,000 population)","SH.STA.SUIC.P5","","","","","","","","","","","","","","","","","","","","","","","","","","","","","","","","","","","","","","","","","29.5","","","","","22.5","","","","","18.3","","","","","15.8","17.8","",
"Ethiopia","ETH","Suicide mortality rate (per 100,000 population)","SH.STA.SUIC.P5","","","","","","","","","","","","","","","","","","","","","","","","","","","","","","","","","","","","","","","","","8","","","","","7.9","","","","","7.3","","","","","7.2","7.2","",
"European Union","EUU","Suicide mortality rate (per 100,000 population)","SH.STA.SUIC.P5","","","","","","","","","","","","","","","","","","","","","","","","","","","","","","","","","","","","","","","","","14.5567388632697","","","","","13.5675972788455","","","","","13.2501102753179","","","","","12.7656213210571","12.740960526777","",
"Fragile and conflict affected situations","FCS","Suicide mortality rate (per 100,000 population)","SH.STA.SUIC.P5","","","","","","","","","","","","","","","","","","","","","","","","","","","","","","","","","","","","","","","","","6.79715101996741","","","","","6.89274737359488","","","","","6.57395510598615","","","","","6.61223434213851","6.65896643157869","",
"Finland","FIN","Suicide mortality rate (per 100,000 population)","SH.STA.SUIC.P5","","","","","","","","","","","","","","","","","","","","","","","","","","","","","","","","","","","","","","","","","24.6","","","","","20.4","","","","","18.9","","","","","14.4","15.9","",
"Fiji","FJI","Suicide mortality rate (per 100,000 population)","SH.STA.SUIC.P5","","","","","","","","","","","","","","","","","","","","","","","","","","","","","","","","","","","","","","","","","4.3","","","","","3.5","","","","","4.8","","","","","5","5","",
"France","FRA","Suicide mortality rate (per 100,000 population)","SH.STA.SUIC.P5","","","","","","","","","","","","","","","","","","","","","","","","","","","","","","","","","","","","","","","","","22.3","","","","","21.1","","","","","20.2","","","","","18","17.7","",
"Faroe Islands","FRO","Suicide mortality rate (per 100,000 population)","SH.STA.SUIC.P5","","","","","","","","","","","","","","","","","","","","","","","","","","","","","","","","","","","","","","","","","","","","","","","","","","","","","","","","","","",
"Micronesia, Fed. Sts.","FSM","Suicide mortality rate (per 100,000 population)","SH.STA.SUIC.P5","","","","","","","","","","","","","","","","","","","","","","","","","","","","","","","","","","","","","","","","","10.8","","","","","11.9","","","","","11.1","","","","","11.4","11.1","",
"Gabon","GAB","Suicide mortality rate (per 100,000 population)","SH.STA.SUIC.P5","","","","","","","","","","","","","","","","","","","","","","","","","","","","","","","","","","","","","","","","","6.7","","","","","6.1","","","","","6.9","","","","","7.3","7.1","",
"United Kingdom","GBR","Suicide mortality rate (per 100,000 population)","SH.STA.SUIC.P5","","","","","","","","","","","","","","","","","","","","","","","","","","","","","","","","","","","","","","","","","9.1","","","","","8.2","","","","","7.8","","","","","8.7","8.9","",
"Georgia","GEO","Suicide mortality rate (per 100,000 population)","SH.STA.SUIC.P5","","","","","","","","","","","","","","","","","","","","","","","","","","","","","","","","","","","","","","","","","6","","","","","5","","","","","6.9","","","","","8.1","8.2","",
"Ghana","GHA","Suicide mortality rate (per 100,000 population)","SH.STA.SUIC.P5","","","","","","","","","","","","","","","","","","","","","","","","","","","","","","","","","","","","","","","","","4","","","","","4.3","","","","","4.7","","","","","5.3","5.4","",
"Gibraltar","GIB","Suicide mortality rate (per 100,000 population)","SH.STA.SUIC.P5","","","","","","","","","","","","","","","","","","","","","","","","","","","","","","","","","","","","","","","","","","","","","","","","","","","","","","","","","","",
"Guinea","GIN","Suicide mortality rate (per 100,000 population)","SH.STA.SUIC.P5","","","","","","","","","","","","","","","","","","","","","","","","","","","","","","","","","","","","","","","","","6.3","","","","","6.8","","","","","6.6","","","","","6.4","6.3","",
"Gambia, The","GMB","Suicide mortality rate (per 100,000 population)","SH.STA.SUIC.P5","","","","","","","","","","","","","","","","","","","","","","","","","","","","","","","","","","","","","","","","","6.6","","","","","5.7","","","","","5.1","","","","","5.2","5.1","",
"Guinea-Bissau","GNB","Suicide mortality rate (per 100,000 population)","SH.STA.SUIC.P5","","","","","","","","","","","","","","","","","","","","","","","","","","","","","","","","","","","","","","","","","5","","","","","4.4","","","","","4.2","","","","","3.9","4","",
"Equatorial Guinea","GNQ","Suicide mortality rate (per 100,000 population)","SH.STA.SUIC.P5","","","","","","","","","","","","","","","","","","","","","","","","","","","","","","","","","","","","","","","","","15.5","","","","","13.7","","","","","16.7","","","","","16.5","16.4","",
"Greece","GRC","Suicide mortality rate (per 100,000 population)","SH.STA.SUIC.P5","","","","","","","","","","","","","","","","","","","","","","","","","","","","","","","","","","","","","","","","","3.4","","","","","3.5","","","","","3.3","","","","","4.8","5","",
"Grenada","GRD","Suicide mortality rate (per 100,000 population)","SH.STA.SUIC.P5","","","","","","","","","","","","","","","","","","","","","","","","","","","","","","","","","","","","","","","","","1.9","","","","","2.7","","","","","0.9","","","","","1.1","1.7","",
"Greenland","GRL","Suicide mortality rate (per 100,000 population)","SH.STA.SUIC.P5","","","","","","","","","","","","","","","","","","","","","","","","","","","","","","","","","","","","","","","","","","","","","","","","","","","","","","","","","","",
"Guatemala","GTM","Suicide mortality rate (per 100,000 population)","SH.STA.SUIC.P5","","","","","","","","","","","","","","","","","","","","","","","","","","","","","","","","","","","","","","","","","3.2","","","","","3.2","","","","","2.9","","","","","3.1","2.7","",
"Guam","GUM","Suicide mortality rate (per 100,000 population)","SH.STA.SUIC.P5","","","","","","","","","","","","","","","","","","","","","","","","","","","","","","","","","","","","","","","","","","","","","","","","","","","","","","","","","","",
"Guyana","GUY","Suicide mortality rate (per 100,000 population)","SH.STA.SUIC.P5","","","","","","","","","","","","","","","","","","","","","","","","","","","","","","","","","","","","","","","","","23.4","","","","","24.4","","","","","26.8","","","","","29.1","29.2","",
"High income","HIC","Suicide mortality rate (per 100,000 population)","SH.STA.SUIC.P5","","","","","","","","","","","","","","","","","","","","","","","","","","","","","","","","","","","","","","","","","14.2588690376806","","","","","14.4193094732142","","","","","14.7062856348403","","","","","14.1196522038209","14.0422938362072","",
"Hong Kong SAR, China","HKG","Suicide mortality rate (per 100,000 population)","SH.STA.SUIC.P5","","","","","","","","","","","","","","","","","","","","","","","","","","","","","","","","","","","","","","","","","","","","","","","","","","","","","","","","","","",
"Honduras","HND","Suicide mortality rate (per 100,000 population)","SH.STA.SUIC.P5","","","","","","","","","","","","","","","","","","","","","","","","","","","","","","","","","","","","","","","","","2.3","","","","","2.5","","","","","2.5","","","","","2.8","2.9","",
"Heavily indebted poor countries (HIPC)","HPC","Suicide mortality rate (per 100,000 population)","SH.STA.SUIC.P5","","","","","","","","","","","","","","","","","","","","","","","","","","","","","","","","","","","","","","","","","7.92204205153256","","","","","7.52367781216683","","","","","7.10305508789178","","","","","7.04797422713167","7.04971076237009","",
"Croatia","HRV","Suicide mortality rate (per 100,000 population)","SH.STA.SUIC.P5","","","","","","","","","","","","","","","","","","","","","","","","","","","","","","","","","","","","","","","","","21.3","","","","","20.2","","","","","18.6","","","","","17.8","16.5","",
"Haiti","HTI","Suicide mortality rate (per 100,000 population)","SH.STA.SUIC.P5","","","","","","","","","","","","","","","","","","","","","","","","","","","","","","","","","","","","","","","","","8.7","","","","","9.5","","","","","10.2","","","","","11.7","11.7","",
"Hungary","HUN","Suicide mortality rate (per 100,000 population)","SH.STA.SUIC.P5","","","","","","","","","","","","","","","","","","","","","","","","","","","","","","","","","","","","","","","","","32.5","","","","","26.7","","","","","26","","","","","20.3","19.1","",
"IBRD only","IBD","Suicide mortality rate (per 100,000 population)","SH.STA.SUIC.P5","","","","","","","","","","","","","","","","","","","","","","","","","","","","","","","","","","","","","","","","","13.9993489232882","","","","","13.3047444874221","","","","","12.1183947073894","","","","","11.2572843698528","11.1320930639512","",
"IDA & IBRD total","IBT","Suicide mortality rate (per 100,000 population)","SH.STA.SUIC.P5","","","","","","","","","","","","","","","","","","","","","","","","","","","","","","","","","","","","","","","","","12.5829606247916","","","","","11.8937516954741","","","","","10.8524410532948","","","","","10.1090306605785","9.99840557252011","",
"IDA total","IDA","Suicide mortality rate (per 100,000 population)","SH.STA.SUIC.P5","","","","","","","","","","","","","","","","","","","","","","","","","","","","","","","","","","","","","","","","","7.37753407626222","","","","","7.02976676905835","","","","","6.76382589031699","","","","","6.63260290405674","6.61035973471531","",
"IDA blend","IDB","Suicide mortality rate (per 100,000 population)","SH.STA.SUIC.P5","","","","","","","","","","","","","","","","","","","","","","","","","","","","","","","","","","","","","","","","","7.18599353476401","","","","","6.8104718386318","","","","","6.66550858655496","","","","","6.48574539408247","6.45779173354245","",
"Indonesia","IDN","Suicide mortality rate (per 100,000 population)","SH.STA.SUIC.P5","","","","","","","","","","","","","","","","","","","","","","","","","","","","","","","","","","","","","","","","","3.9","","","","","3.8","","","","","3.6","","","","","3.4","3.4","",
"IDA only","IDX","Suicide mortality rate (per 100,000 population)","SH.STA.SUIC.P5","","","","","","","","","","","","","","","","","","","","","","","","","","","","","","","","","","","","","","","","","7.47308769953794","","","","","7.13793750784237","","","","","6.81228843419971","","","","","6.70535746011277","6.68598036566423","",
"Isle of Man","IMN","Suicide mortality rate (per 100,000 population)","SH.STA.SUIC.P5","","","","","","","","","","","","","","","","","","","","","","","","","","","","","","","","","","","","","","","","","","","","","","","","","","","","","","","","","","",
"India","IND","Suicide mortality rate (per 100,000 population)","SH.STA.SUIC.P5","","","","","","","","","","","","","","","","","","","","","","","","","","","","","","","","","","","","","","","","","17.4","","","","","17.6","","","","","16.5","","","","","16.5","16.3","",
"Not classified","INX","Suicide mortality rate (per 100,000 population)","SH.STA.SUIC.P5","","","","","","","","","","","","","","","","","","","","","","","","","","","","","","","","","","","","","","","","","","","","","","","","","","","","","","","","","","",
"Ireland","IRL","Suicide mortality rate (per 100,000 population)","SH.STA.SUIC.P5","","","","","","","","","","","","","","","","","","","","","","","","","","","","","","","","","","","","","","","","","12.4","","","","","11.9","","","","","12","","","","","11.5","11.5","",
"Iran, Islamic Rep.","IRN","Suicide mortality rate (per 100,000 population)","SH.STA.SUIC.P5","","","","","","","","","","","","","","","","","","","","","","","","","","","","","","","","","","","","","","","","","10.7","","","","","10.7","","","","","6.6","","","","","4","4.1","",
"Iraq","IRQ","Suicide mortality rate (per 100,000 population)","SH.STA.SUIC.P5","","","","","","","","","","","","","","","","","","","","","","","","","","","","","","","","","","","","","","","","","2.7","","","","","2.5","","","","","2.8","","","","","3.1","3","",
"Iceland","ISL","Suicide mortality rate (per 100,000 population)","SH.STA.SUIC.P5","","","","","","","","","","","","","","","","","","","","","","","","","","","","","","","","","","","","","","","","","16.2","","","","","12.2","","","","","13.3","","","","","14","14","",
"Israel","ISR","Suicide mortality rate (per 100,000 population)","SH.STA.SUIC.P5","","","","","","","","","","","","","","","","","","","","","","","","","","","","","","","","","","","","","","","","","7.5","","","","","7.6","","","","","7.3","","","","","5","5.4","",
"Italy","ITA","Suicide mortality rate (per 100,000 population)","SH.STA.SUIC.P5","","","","","","","","","","","","","","","","","","","","","","","","","","","","","","","","","","","","","","","","","7.8","","","","","7","","","","","7.5","","","","","8","8.2","",
"Jamaica","JAM","Suicide mortality rate (per 100,000 population)","SH.STA.SUIC.P5","","","","","","","","","","","","","","","","","","","","","","","","","","","","","","","","","","","","","","","","","2.3","","","","","1.9","","","","","2","","","","","2.1","2.2","",
"Jordan","JOR","Suicide mortality rate (per 100,000 population)","SH.STA.SUIC.P5","","","","","","","","","","","","","","","","","","","","","","","","","","","","","","","","","","","","","","","","","3.4","","","","","3.1","","","","","2.8","","","","","2.9","2.9","",
"Japan","JPN","Suicide mortality rate (per 100,000 population)","SH.STA.SUIC.P5","","","","","","","","","","","","","","","","","","","","","","","","","","","","","","","","","","","","","","","","","24.7","","","","","24.9","","","","","24.4","","","","","19.4","18.5","",
"Kazakhstan","KAZ","Suicide mortality rate (per 100,000 population)","SH.STA.SUIC.P5","","","","","","","","","","","","","","","","","","","","","","","","","","","","","","","","","","","","","","","","","34","","","","","39.4","","","","","32.7","","","","","24.9","22.5","",
"Kenya","KEN","Suicide mortality rate (per 100,000 population)","SH.STA.SUIC.P5","","","","","","","","","","","","","","","","","","","","","","","","","","","","","","","","","","","","","","","","","4.4","","","","","3.9","","","","","3.1","","","","","3.1","3.2","",
"Kyrgyz Republic","KGZ","Suicide mortality rate (per 100,000 population)","SH.STA.SUIC.P5","","","","","","","","","","","","","","","","","","","","","","","","","","","","","","","","","","","","","","","","","12.6","","","","","10.9","","","","","11.3","","","","","8.1","8.3","",
"Cambodia","KHM","Suicide mortality rate (per 100,000 population)","SH.STA.SUIC.P5","","","","","","","","","","","","","","","","","","","","","","","","","","","","","","","","","","","","","","","","","5.6","","","","","5.9","","","","","5.4","","","","","5.3","5.3","",
"Kiribati","KIR","Suicide mortality rate (per 100,000 population)","SH.STA.SUIC.P5","","","","","","","","","","","","","","","","","","","","","","","","","","","","","","","","","","","","","","","","","13.7","","","","","13.9","","","","","14.5","","","","","14.5","14.4","",
"St. Kitts and Nevis","KNA","Suicide mortality rate (per 100,000 population)","SH.STA.SUIC.P5","","","","","","","","","","","","","","","","","","","","","","","","","","","","","","","","","","","","","","","","","","","","","","","","","","","","","","","","","","",
"Korea, Rep.","KOR","Suicide mortality rate (per 100,000 population)","SH.STA.SUIC.P5","","","","","","","","","","","","","","","","","","","","","","","","","","","","","","","","","","","","","","","","","14.8","","","","","26.8","","","","","34.1","","","","","28.3","26.9","",
"Kuwait","KWT","Suicide mortality rate (per 100,000 population)","SH.STA.SUIC.P5","","","","","","","","","","","","","","","","","","","","","","","","","","","","","","","","","","","","","","","","","2","","","","","2.3","","","","","1.9","","","","","2.3","2.3","",
"Latin America & Caribbean (excluding high income)","LAC","Suicide mortality rate (per 100,000 population)","SH.STA.SUIC.P5","","","","","","","","","","","","","","","","","","","","","","","","","","","","","","","","","","","","","","","","","5.95969878916107","","","","","6.03589023108107","","","","","6.10540013122464","","","","","6.78812968636035","6.48303537557159","",
"Lao PDR","LAO","Suicide mortality rate (per 100,000 population)","SH.STA.SUIC.P5","","","","","","","","","","","","","","","","","","","","","","","","","","","","","","","","","","","","","","","","","10.1","","","","","9.4","","","","","8.9","","","","","8.5","8.6","",
"Lebanon","LBN","Suicide mortality rate (per 100,000 population)","SH.STA.SUIC.P5","","","","","","","","","","","","","","","","","","","","","","","","","","","","","","","","","","","","","","","","","3","","","","","3.1","","","","","3.2","","","","","3.3","3.3","",
"Liberia","LBR","Suicide mortality rate (per 100,000 population)","SH.STA.SUIC.P5","","","","","","","","","","","","","","","","","","","","","","","","","","","","","","","","","","","","","","","","","5.7","","","","","6.8","","","","","6.5","","","","","6.5","6.8","",
"Libya","LBY","Suicide mortality rate (per 100,000 population)","SH.STA.SUIC.P5","","","","","","","","","","","","","","","","","","","","","","","","","","","","","","","","","","","","","","","","","5.3","","","","","5.6","","","","","5.4","","","","","4.2","5.2","",
"St. Lucia","LCA","Suicide mortality rate (per 100,000 population)","SH.STA.SUIC.P5","","","","","","","","","","","","","","","","","","","","","","","","","","","","","","","","","","","","","","","","","6.4","","","","","3","","","","","6.1","","","","","7.8","7.8","",
"Latin America & Caribbean","LCN","Suicide mortality rate (per 100,000 population)","SH.STA.SUIC.P5","","","","","","","","","","","","","","","","","","","","","","","","","","","","","","","","","","","","","","","","","6.44679476351536","","","","","6.44436735558168","","","","","6.52809346289894","","","","","7.1027105578488","6.84720145968717","",
"Least developed countries: UN classification","LDC","Suicide mortality rate (per 100,000 population)","SH.STA.SUIC.P5","","","","","","","","","","","","","","","","","","","","","","","","","","","","","","","","","","","","","","","","","7.65082658122652","","","","","7.24564405038273","","","","","6.81826091998942","","","","","6.61635861057643","6.5752810378928","",
"Low income","LIC","Suicide mortality rate (per 100,000 population)","SH.STA.SUIC.P5","","","","","","","","","","","","","","","","","","","","","","","","","","","","","","","","","","","","","","","","","7.88844292049678","","","","","7.47498791771672","","","","","6.95544325499774","","","","","6.72871669601001","6.70516775755627","",
"Liechtenstein","LIE","Suicide mortality rate (per 100,000 population)","SH.STA.SUIC.P5","","","","","","","","","","","","","","","","","","","","","","","","","","","","","","","","","","","","","","","","","","","","","","","","","","","","","","","","","","",
"Sri Lanka","LKA","Suicide mortality rate (per 100,000 population)","SH.STA.SUIC.P5","","","","","","","","","","","","","","","","","","","","","","","","","","","","","","","","","","","","","","","","","28.8","","","","","23.1","","","","","19.1","","","","","14.8","14.6","",
"Lower middle income","LMC","Suicide mortality rate (per 100,000 population)","SH.STA.SUIC.P5","","","","","","","","","","","","","","","","","","","","","","","","","","","","","","","","","","","","","","","","","12.1371506063902","","","","","11.9311780063964","","","","","11.1640223451076","","","","","10.9284510583137","10.8051067207104","",
"Low & middle income","LMY","Suicide mortality rate (per 100,000 population)","SH.STA.SUIC.P5","","","","","","","","","","","","","","","","","","","","","","","","","","","","","","","","","","","","","","","","","12.5695431943528","","","","","11.869942806375","","","","","10.8176453967123","","","","","10.0856565249421","9.9704879706164","",
"Lesotho","LSO","Suicide mortality rate (per 100,000 population)","SH.STA.SUIC.P5","","","","","","","","","","","","","","","","","","","","","","","","","","","","","","","","","","","","","","","","","18","","","","","18.6","","","","","20.1","","","","","21","21.2","",
"Late-demographic dividend","LTE","Suicide mortality rate (per 100,000 population)","SH.STA.SUIC.P5","","","","","","","","","","","","","","","","","","","","","","","","","","","","","","","","","","","","","","","","","15.0208078447631","","","","","13.7077184700252","","","","","12.3437732561499","","","","","10.8585452003255","10.7851243823265","",
"Lithuania","LTU","Suicide mortality rate (per 100,000 population)","SH.STA.SUIC.P5","","","","","","","","","","","","","","","","","","","","","","","","","","","","","","","","","","","","","","","","","50.7","","","","","43.9","","","","","37.3","","","","","34.9","31.9","",
"Luxembourg","LUX","Suicide mortality rate (per 100,000 population)","SH.STA.SUIC.P5","","","","","","","","","","","","","","","","","","","","","","","","","","","","","","","","","","","","","","","","","16.8","","","","","14.3","","","","","12.9","","","","","14.7","13.5","",
"Latvia","LVA","Suicide mortality rate (per 100,000 population)","SH.STA.SUIC.P5","","","","","","","","","","","","","","","","","","","","","","","","","","","","","","","","","","","","","","","","","34.7","","","","","26.7","","","","","22.7","","","","","21.6","21.2","",
"Macao SAR, China","MAC","Suicide mortality rate (per 100,000 population)","SH.STA.SUIC.P5","","","","","","","","","","","","","","","","","","","","","","","","","","","","","","","","","","","","","","","","","","","","","","","","","","","","","","","","","","",
"St. Martin (French part)","MAF","Suicide mortality rate (per 100,000 population)","SH.STA.SUIC.P5","","","","","","","","","","","","","","","","","","","","","","","","","","","","","","","","","","","","","","","","","","","","","","","","","","","","","","","","","","",
"Morocco","MAR","Suicide mortality rate (per 100,000 population)","SH.STA.SUIC.P5","","","","","","","","","","","","","","","","","","","","","","","","","","","","","","","","","","","","","","","","","6.9","","","","","5.3","","","","","3.7","","","","","2.9","2.9","",
"Monaco","MCO","Suicide mortality rate (per 100,000 population)","SH.STA.SUIC.P5","","","","","","","","","","","","","","","","","","","","","","","","","","","","","","","","","","","","","","","","","","","","","","","","","","","","","","","","","","",
"Moldova","MDA","Suicide mortality rate (per 100,000 population)","SH.STA.SUIC.P5","","","","","","","","","","","","","","","","","","","","","","","","","","","","","","","","","","","","","","","","","16.4","","","","","19.2","","","","","20.9","","","","","16.4","15.9","",
"Madagascar","MDG","Suicide mortality rate (per 100,000 population)","SH.STA.SUIC.P5","","","","","","","","","","","","","","","","","","","","","","","","","","","","","","","","","","","","","","","","","4.7","","","","","4.5","","","","","4.3","","","","","4","3.9","",
"Maldives","MDV","Suicide mortality rate (per 100,000 population)","SH.STA.SUIC.P5","","","","","","","","","","","","","","","","","","","","","","","","","","","","","","","","","","","","","","","","","4.4","","","","","3.3","","","","","3.2","","","","","2.6","2.3","",
"Middle East & North Africa","MEA","Suicide mortality rate (per 100,000 population)","SH.STA.SUIC.P5","","","","","","","","","","","","","","","","","","","","","","","","","","","","","","","","","","","","","","","","","5.42169714995023","","","","","5.30455113760162","","","","","4.39240798234464","","","","","3.8163637953973","3.88958604754085","",
"Mexico","MEX","Suicide mortality rate (per 100,000 population)","SH.STA.SUIC.P5","","","","","","","","","","","","","","","","","","","","","","","","","","","","","","","","","","","","","","","","","3.6","","","","","4.3","","","","","4.6","","","","","5.6","5.1","",
"Marshall Islands","MHL","Suicide mortality rate (per 100,000 population)","SH.STA.SUIC.P5","","","","","","","","","","","","","","","","","","","","","","","","","","","","","","","","","","","","","","","","","","","","","","","","","","","","","","","","","","",
"Middle income","MIC","Suicide mortality rate (per 100,000 population)","SH.STA.SUIC.P5","","","","","","","","","","","","","","","","","","","","","","","","","","","","","","","","","","","","","","","","","13.0500460877094","","","","","12.3563298156075","","","","","11.2798656680608","","","","","10.5167399351872","10.3958357836055","",
"Macedonia, FYR","MKD","Suicide mortality rate (per 100,000 population)","SH.STA.SUIC.P5","","","","","","","","","","","","","","","","","","","","","","","","","","","","","","","","","","","","","","","","","7.7","","","","","7.2","","","","","5.9","","","","","7.8","7.9","",
"Mali","MLI","Suicide mortality rate (per 100,000 population)","SH.STA.SUIC.P5","","","","","","","","","","","","","","","","","","","","","","","","","","","","","","","","","","","","","","","","","5.5","","","","","4.9","","","","","4.8","","","","","4.8","4.8","",
"Malta","MLT","Suicide mortality rate (per 100,000 population)","SH.STA.SUIC.P5","","","","","","","","","","","","","","","","","","","","","","","","","","","","","","","","","","","","","","","","","6.5","","","","","5.6","","","","","8","","","","","8","7.5","",
"Myanmar","MMR","Suicide mortality rate (per 100,000 population)","SH.STA.SUIC.P5","","","","","","","","","","","","","","","","","","","","","","","","","","","","","","","","","","","","","","","","","7.3","","","","","7.7","","","","","7.3","","","","","7.6","7.8","",
"Middle East & North Africa (excluding high income)","MNA","Suicide mortality rate (per 100,000 population)","SH.STA.SUIC.P5","","","","","","","","","","","","","","","","","","","","","","","","","","","","","","","","","","","","","","","","","5.62981898664834","","","","","5.50600656563579","","","","","4.45452695056888","","","","","3.85006026918157","3.92851232872242","",
"Montenegro","MNE","Suicide mortality rate (per 100,000 population)","SH.STA.SUIC.P5","","","","","","","","","","","","","","","","","","","","","","","","","","","","","","","","","","","","","","","","","10.4","","","","","11.4","","","","","10.4","","","","","10","10.3","",
"Mongolia","MNG","Suicide mortality rate (per 100,000 population)","SH.STA.SUIC.P5","","","","","","","","","","","","","","","","","","","","","","","","","","","","","","","","","","","","","","","","","17.9","","","","","17.1","","","","","16.6","","","","","13.1","13","",
"Northern Mariana Islands","MNP","Suicide mortality rate (per 100,000 population)","SH.STA.SUIC.P5","","","","","","","","","","","","","","","","","","","","","","","","","","","","","","","","","","","","","","","","","","","","","","","","","","","","","","","","","","",
"Mozambique","MOZ","Suicide mortality rate (per 100,000 population)","SH.STA.SUIC.P5","","","","","","","","","","","","","","","","","","","","","","","","","","","","","","","","","","","","","","","","","8.8","","","","","6.7","","","","","5.6","","","","","4.9","4.9","",
"Mauritania","MRT","Suicide mortality rate (per 100,000 population)","SH.STA.SUIC.P5","","","","","","","","","","","","","","","","","","","","","","","","","","","","","","","","","","","","","","","","","3.4","","","","","3.5","","","","","3.9","","","","","4.3","4.4","",
"Mauritius","MUS","Suicide mortality rate (per 100,000 population)","SH.STA.SUIC.P5","","","","","","","","","","","","","","","","","","","","","","","","","","","","","","","","","","","","","","","","","11.1","","","","","8.8","","","","","8.1","","","","","8.5","7.8","",
"Malawi","MWI","Suicide mortality rate (per 100,000 population)","SH.STA.SUIC.P5","","","","","","","","","","","","","","","","","","","","","","","","","","","","","","","","","","","","","","","","","6.2","","","","","4.5","","","","","3.8","","","","","3.6","3.7","",
"Malaysia","MYS","Suicide mortality rate (per 100,000 population)","SH.STA.SUIC.P5","","","","","","","","","","","","","","","","","","","","","","","","","","","","","","","","","","","","","","","","","5.3","","","","","5.4","","","","","5.1","","","","","5.4","5.5","",
"North America","NAC","Suicide mortality rate (per 100,000 population)","SH.STA.SUIC.P5","","","","","","","","","","","","","","","","","","","","","","","","","","","","","","","","","","","","","","","","","11.4671560321274","","","","","12.028132811256","","","","","13.1801917003311","","","","","14.7489822845677","15.0176836015474","",
"Namibia","NAM","Suicide mortality rate (per 100,000 population)","SH.STA.SUIC.P5","","","","","","","","","","","","","","","","","","","","","","","","","","","","","","","","","","","","","","","","","10.9","","","","","10.4","","","","","10.4","","","","","9","8.7","",
"New Caledonia","NCL","Suicide mortality rate (per 100,000 population)","SH.STA.SUIC.P5","","","","","","","","","","","","","","","","","","","","","","","","","","","","","","","","","","","","","","","","","","","","","","","","","","","","","","","","","","",
"Niger","NER","Suicide mortality rate (per 100,000 population)","SH.STA.SUIC.P5","","","","","","","","","","","","","","","","","","","","","","","","","","","","","","","","","","","","","","","","","4.6","","","","","4.9","","","","","4.9","","","","","4.7","4.6","",
"Nigeria","NGA","Suicide mortality rate (per 100,000 population)","SH.STA.SUIC.P5","","","","","","","","","","","","","","","","","","","","","","","","","","","","","","","","","","","","","","","","","10.2","","","","","9.6","","","","","10","","","","","9.6","9.5","",
"Nicaragua","NIC","Suicide mortality rate (per 100,000 population)","SH.STA.SUIC.P5","","","","","","","","","","","","","","","","","","","","","","","","","","","","","","","","","","","","","","","","","17.2","","","","","14.4","","","","","12.5","","","","","12.2","12.2","",
"Netherlands","NLD","Suicide mortality rate (per 100,000 population)","SH.STA.SUIC.P5","","","","","","","","","","","","","","","","","","","","","","","","","","","","","","","","","","","","","","","","","9.8","","","","","9.9","","","","","10","","","","","12.5","12.6","",
"Norway","NOR","Suicide mortality rate (per 100,000 population)","SH.STA.SUIC.P5","","","","","","","","","","","","","","","","","","","","","","","","","","","","","","","","","","","","","","","","","13.3","","","","","12.7","","","","","12.6","","","","","12.4","12.2","",
"Nepal","NPL","Suicide mortality rate (per 100,000 population)","SH.STA.SUIC.P5","","","","","","","","","","","","","","","","","","","","","","","","","","","","","","","","","","","","","","","","","15.4","","","","","12.5","","","","","10.5","","","","","9.1","8.8","",
"Nauru","NRU","Suicide mortality rate (per 100,000 population)","SH.STA.SUIC.P5","","","","","","","","","","","","","","","","","","","","","","","","","","","","","","","","","","","","","","","","","","","","","","","","","","","","","","","","","","",
"New Zealand","NZL","Suicide mortality rate (per 100,000 population)","SH.STA.SUIC.P5","","","","","","","","","","","","","","","","","","","","","","","","","","","","","","","","","","","","","","","","","12.9","","","","","13.3","","","","","13","","","","","12.1","12.1","",
"OECD members","OED","Suicide mortality rate (per 100,000 population)","SH.STA.SUIC.P5","","","","","","","","","","","","","","","","","","","","","","","","","","","","","","","","","","","","","","","","","13.3920853418474","","","","","13.6613267902274","","","","","14.0433380925624","","","","","13.5400103265253","13.4069236505733","",
"Oman","OMN","Suicide mortality rate (per 100,000 population)","SH.STA.SUIC.P5","","","","","","","","","","","","","","","","","","","","","","","","","","","","","","","","","","","","","","","","","4.3","","","","","3.4","","","","","3.7","","","","","4.1","3.9","",
"Other small states","OSS","Suicide mortality rate (per 100,000 population)","SH.STA.SUIC.P5","","","","","","","","","","","","","","","","","","","","","","","","","","","","","","","","","","","","","","","","","10.7525293236586","","","","","9.71201837291138","","","","","9.41849122023172","","","","","9.159016706533","9.18044350739779","",
"Pakistan","PAK","Suicide mortality rate (per 100,000 population)","SH.STA.SUIC.P5","","","","","","","","","","","","","","","","","","","","","","","","","","","","","","","","","","","","","","","","","3.4","","","","","3.5","","","","","3.1","","","","","2.9","2.9","",
"Panama","PAN","Suicide mortality rate (per 100,000 population)","SH.STA.SUIC.P5","","","","","","","","","","","","","","","","","","","","","","","","","","","","","","","","","","","","","","","","","6","","","","","6.3","","","","","5.1","","","","","3.9","4.3","",
"Peru","PER","Suicide mortality rate (per 100,000 population)","SH.STA.SUIC.P5","","","","","","","","","","","","","","","","","","","","","","","","","","","","","","","","","","","","","","","","","5.1","","","","","4.6","","","","","4.6","","","","","4.9","4.9","",
"Philippines","PHL","Suicide mortality rate (per 100,000 population)","SH.STA.SUIC.P5","","","","","","","","","","","","","","","","","","","","","","","","","","","","","","","","","","","","","","","","","2.5","","","","","2.6","","","","","3.3","","","","","3.2","3.2","",
"Palau","PLW","Suicide mortality rate (per 100,000 population)","SH.STA.SUIC.P5","","","","","","","","","","","","","","","","","","","","","","","","","","","","","","","","","","","","","","","","","","","","","","","","","","","","","","","","","","",
"Papua New Guinea","PNG","Suicide mortality rate (per 100,000 population)","SH.STA.SUIC.P5","","","","","","","","","","","","","","","","","","","","","","","","","","","","","","","","","","","","","","","","","7.1","","","","","5.8","","","","","5.4","","","","","6","6","",
"Poland","POL","Suicide mortality rate (per 100,000 population)","SH.STA.SUIC.P5","","","","","","","","","","","","","","","","","","","","","","","","","","","","","","","","","","","","","","","","","16.9","","","","","17.7","","","","","18.6","","","","","15.8","16.2","",
"Pre-demographic dividend","PRE","Suicide mortality rate (per 100,000 population)","SH.STA.SUIC.P5","","","","","","","","","","","","","","","","","","","","","","","","","","","","","","","","","","","","","","","","","7.81155186779528","","","","","7.37469205759119","","","","","7.15141045544781","","","","","7.00578640262693","6.9779490453559","",
"Puerto Rico","PRI","Suicide mortality rate (per 100,000 population)","SH.STA.SUIC.P5","","","","","","","","","","","","","","","","","","","","","","","","","","","","","","","","","","","","","","","","","","","","","","","","","","","","","","","","","","",
"Korea, Dem. People’s Rep.","PRK","Suicide mortality rate (per 100,000 population)","SH.STA.SUIC.P5","","","","","","","","","","","","","","","","","","","","","","","","","","","","","","","","","","","","","","","","","10","","","","","10.9","","","","","11.9","","","","","11.4","11.2","",
"Portugal","PRT","Suicide mortality rate (per 100,000 population)","SH.STA.SUIC.P5","","","","","","","","","","","","","","","","","","","","","","","","","","","","","","","","","","","","","","","","","7.5","","","","","11.1","","","","","13.5","","","","","13.8","14","",
"Paraguay","PRY","Suicide mortality rate (per 100,000 population)","SH.STA.SUIC.P5","","","","","","","","","","","","","","","","","","","","","","","","","","","","","","","","","","","","","","","","","10.1","","","","","10.1","","","","","9.3","","","","","9.9","9.5","",
"West Bank and Gaza","PSE","Suicide mortality rate (per 100,000 population)","SH.STA.SUIC.P5","","","","","","","","","","","","","","","","","","","","","","","","","","","","","","","","","","","","","","","","","","","","","","","","","","","","","","","","","","",
"Pacific island small states","PSS","Suicide mortality rate (per 100,000 population)","SH.STA.SUIC.P5","","","","","","","","","","","","","","","","","","","","","","","","","","","","","","","","","","","","","","","","","7.24844901717443","","","","","5.90792734187198","","","","","5.8183035350094","","","","","5.56994702363394","5.49020330457261","",
"Post-demographic dividend","PST","Suicide mortality rate (per 100,000 population)","SH.STA.SUIC.P5","","","","","","","","","","","","","","","","","","","","","","","","","","","","","","","","","","","","","","","","","16.1609275235367","","","","","16.1656738156323","","","","","16.1066275453989","","","","","15.3965690773649","15.2671344014698","",
"French Polynesia","PYF","Suicide mortality rate (per 100,000 population)","SH.STA.SUIC.P5","","","","","","","","","","","","","","","","","","","","","","","","","","","","","","","","","","","","","","","","","","","","","","","","","","","","","","","","","","",
"Qatar","QAT","Suicide mortality rate (per 100,000 population)","SH.STA.SUIC.P5","","","","","","","","","","","","","","","","","","","","","","","","","","","","","","","","","","","","","","","","","3.4","","","","","3.2","","","","","6.1","","","","","6.5","6.6","",
"Romania","ROU","Suicide mortality rate (per 100,000 population)","SH.STA.SUIC.P5","","","","","","","","","","","","","","","","","","","","","","","","","","","","","","","","","","","","","","","","","13.2","","","","","12.5","","","","","14","","","","","11.6","10.4","",
"Russian Federation","RUS","Suicide mortality rate (per 100,000 population)","SH.STA.SUIC.P5","","","","","","","","","","","","","","","","","","","","","","","","","","","","","","","","","","","","","","","","","52.6","","","","","51.6","","","","","40","","","","","32.1","31","",
"Rwanda","RWA","Suicide mortality rate (per 100,000 population)","SH.STA.SUIC.P5","","","","","","","","","","","","","","","","","","","","","","","","","","","","","","","","","","","","","","","","","15.6","","","","","10.9","","","","","7.5","","","","","6.8","6.7","",
"South Asia","SAS","Suicide mortality rate (per 100,000 population)","SH.STA.SUIC.P5","","","","","","","","","","","","","","","","","","","","","","","","","","","","","","","","","","","","","","","","","14.9319787609324","","","","","14.8858046741519","","","","","13.8822963722108","","","","","13.6883075287497","13.4982767774954","",
"Saudi Arabia","SAU","Suicide mortality rate (per 100,000 population)","SH.STA.SUIC.P5","","","","","","","","","","","","","","","","","","","","","","","","","","","","","","","","","","","","","","","","","2.8","","","","","3","","","","","3.4","","","","","3.2","3.2","",
"Sudan","SDN","Suicide mortality rate (per 100,000 population)","SH.STA.SUIC.P5","","","","","","","","","","","","","","","","","","","","","","","","","","","","","","","","","","","","","","","","","7.9","","","","","8.4","","","","","8","","","","","8","8.1","",
"Senegal","SEN","Suicide mortality rate (per 100,000 population)","SH.STA.SUIC.P5","","","","","","","","","","","","","","","","","","","","","","","","","","","","","","","","","","","","","","","","","7.7","","","","","8.1","","","","","6.9","","","","","6.2","6","",
"Singapore","SGP","Suicide mortality rate (per 100,000 population)","SH.STA.SUIC.P5","","","","","","","","","","","","","","","","","","","","","","","","","","","","","","","","","","","","","","","","","12.4","","","","","11.6","","","","","10","","","","","9","9.9","",
"Solomon Islands","SLB","Suicide mortality rate (per 100,000 population)","SH.STA.SUIC.P5","","","","","","","","","","","","","","","","","","","","","","","","","","","","","","","","","","","","","","","","","11.2","","","","","7.6","","","","","5.8","","","","","4.9","4.7","",
"Sierra Leone","SLE","Suicide mortality rate (per 100,000 population)","SH.STA.SUIC.P5","","","","","","","","","","","","","","","","","","","","","","","","","","","","","","","","","","","","","","","","","11.1","","","","","10.4","","","","","9.2","","","","","9.3","9.7","",
"El Salvador","SLV","Suicide mortality rate (per 100,000 population)","SH.STA.SUIC.P5","","","","","","","","","","","","","","","","","","","","","","","","","","","","","","","","","","","","","","","","","13.4","","","","","9.9","","","","","10.8","","","","","14","13.7","",
"San Marino","SMR","Suicide mortality rate (per 100,000 population)","SH.STA.SUIC.P5","","","","","","","","","","","","","","","","","","","","","","","","","","","","","","","","","","","","","","","","","","","","","","","","","","","","","","","","","","",
"Somalia","SOM","Suicide mortality rate (per 100,000 population)","SH.STA.SUIC.P5","","","","","","","","","","","","","","","","","","","","","","","","","","","","","","","","","","","","","","","","","4.7","","","","","4.8","","","","","4.3","","","","","4.7","4.7","",
"Serbia","SRB","Suicide mortality rate (per 100,000 population)","SH.STA.SUIC.P5","","","","","","","","","","","","","","","","","","","","","","","","","","","","","","","","","","","","","","","","","21","","","","","18.8","","","","","15.9","","","","","15","15.6","",
"Sub-Saharan Africa (excluding high income)","SSA","Suicide mortality rate (per 100,000 population)","SH.STA.SUIC.P5","","","","","","","","","","","","","","","","","","","","","","","","","","","","","","","","","","","","","","","","","8.46490700628743","","","","","8.03956640420446","","","","","7.75291528436327","","","","","7.56568561362603","7.53538222116425","",
"South Sudan","SSD","Suicide mortality rate (per 100,000 population)","SH.STA.SUIC.P5","","","","","","","","","","","","","","","","","","","","","","","","","","","","","","","","","","","","","","","","","4.8","","","","","4.6","","","","","4.1","","","","","3.7","3.7","",
"Sub-Saharan Africa","SSF","Suicide mortality rate (per 100,000 population)","SH.STA.SUIC.P5","","","","","","","","","","","","","","","","","","","","","","","","","","","","","","","","","","","","","","","","","8.4649354463679","","","","","8.03968109894748","","","","","7.75308375976867","","","","","7.56585597680873","7.53554391943848","",
"Small states","SST","Suicide mortality rate (per 100,000 population)","SH.STA.SUIC.P5","","","","","","","","","","","","","","","","","","","","","","","","","","","","","","","","","","","","","","","","","10.1618076252131","","","","","9.26237112940357","","","","","9.17055123461861","","","","","8.94236065883322","8.9500758520069","",
"Sao Tome and Principe","STP","Suicide mortality rate (per 100,000 population)","SH.STA.SUIC.P5","","","","","","","","","","","","","","","","","","","","","","","","","","","","","","","","","","","","","","","","","2","","","","","1.8","","","","","2","","","","","2.3","2.3","",
"Suriname","SUR","Suicide mortality rate (per 100,000 population)","SH.STA.SUIC.P5","","","","","","","","","","","","","","","","","","","","","","","","","","","","","","","","","","","","","","","","","23.5","","","","","26.5","","","","","27","","","","","23.8","22.8","",
"Slovak Republic","SVK","Suicide mortality rate (per 100,000 population)","SH.STA.SUIC.P5","","","","","","","","","","","","","","","","","","","","","","","","","","","","","","","","","","","","","","","","","14.4","","","","","13.8","","","","","13.9","","","","","12.8","12.8","",
"Slovenia","SVN","Suicide mortality rate (per 100,000 population)","SH.STA.SUIC.P5","","","","","","","","","","","","","","","","","","","","","","","","","","","","","","","","","","","","","","","","","32.4","","","","","27.1","","","","","20.7","","","","","21","18.6","",
"Sweden","SWE","Suicide mortality rate (per 100,000 population)","SH.STA.SUIC.P5","","","","","","","","","","","","","","","","","","","","","","","","","","","","","","","","","","","","","","","","","15.6","","","","","16.4","","","","","15.3","","","","","15.7","14.8","",
"Eswatini","SWZ","Suicide mortality rate (per 100,000 population)","SH.STA.SUIC.P5","","","","","","","","","","","","","","","","","","","","","","","","","","","","","","","","","","","","","","","","","11.6","","","","","12","","","","","11.9","","","","","13.1","13.3","",
"Sint Maarten (Dutch part)","SXM","Suicide mortality rate (per 100,000 population)","SH.STA.SUIC.P5","","","","","","","","","","","","","","","","","","","","","","","","","","","","","","","","","","","","","","","","","","","","","","","","","","","","","","","","","","",
"Seychelles","SYC","Suicide mortality rate (per 100,000 population)","SH.STA.SUIC.P5","","","","","","","","","","","","","","","","","","","","","","","","","","","","","","","","","","","","","","","","","8.7","","","","","9.1","","","","","9.4","","","","","9.4","9.3","",
"Syrian Arab Republic","SYR","Suicide mortality rate (per 100,000 population)","SH.STA.SUIC.P5","","","","","","","","","","","","","","","","","","","","","","","","","","","","","","","","","","","","","","","","","1.3","","","","","1.6","","","","","1.9","","","","","1.9","1.9","",
"Turks and Caicos Islands","TCA","Suicide mortality rate (per 100,000 population)","SH.STA.SUIC.P5","","","","","","","","","","","","","","","","","","","","","","","","","","","","","","","","","","","","","","","","","","","","","","","","","","","","","","","","","","",
"Chad","TCD","Suicide mortality rate (per 100,000 population)","SH.STA.SUIC.P5","","","","","","","","","","","","","","","","","","","","","","","","","","","","","","","","","","","","","","","","","8","","","","","8.5","","","","","8.7","","","","","8.9","8.8","",
"East Asia & Pacific (IDA & IBRD countries)","TEA","Suicide mortality rate (per 100,000 population)","SH.STA.SUIC.P5","","","","","","","","","","","","","","","","","","","","","","","","","","","","","","","","","","","","","","","","","11.1161682434897","","","","","9.8732070395942","","","","","9.31633285426343","","","","","8.37091836758138","8.43547123782484","",
"Europe & Central Asia (IDA & IBRD countries)","TEC","Suicide mortality rate (per 100,000 population)","SH.STA.SUIC.P5","","","","","","","","","","","","","","","","","","","","","","","","","","","","","","","","","","","","","","","","","29.4372401029661","","","","","28.4478060627302","","","","","23.3120938317878","","","","","18.9885097766712","18.3941731064844","",
"Togo","TGO","Suicide mortality rate (per 100,000 population)","SH.STA.SUIC.P5","","","","","","","","","","","","","","","","","","","","","","","","","","","","","","","","","","","","","","","","","9.6","","","","","9.9","","","","","9.5","","","","","9.4","9.6","",
"Thailand","THA","Suicide mortality rate (per 100,000 population)","SH.STA.SUIC.P5","","","","","","","","","","","","","","","","","","","","","","","","","","","","","","","","","","","","","","","","","16.2","","","","","12.7","","","","","14.3","","","","","14.6","14.4","",
"Tajikistan","TJK","Suicide mortality rate (per 100,000 population)","SH.STA.SUIC.P5","","","","","","","","","","","","","","","","","","","","","","","","","","","","","","","","","","","","","","","","","3","","","","","2.9","","","","","2.5","","","","","2.5","2.5","",
"Turkmenistan","TKM","Suicide mortality rate (per 100,000 population)","SH.STA.SUIC.P5","","","","","","","","","","","","","","","","","","","","","","","","","","","","","","","","","","","","","","","","","9.1","","","","","11.7","","","","","7.6","","","","","7.2","6.7","",
"Latin America & the Caribbean (IDA & IBRD countries)","TLA","Suicide mortality rate (per 100,000 population)","SH.STA.SUIC.P5","","","","","","","","","","","","","","","","","","","","","","","","","","","","","","","","","","","","","","","","","6.21161502588716","","","","","6.3124169031","","","","","6.37926167380472","","","","","6.98601004411577","6.72296619039377","",
"Timor-Leste","TLS","Suicide mortality rate (per 100,000 population)","SH.STA.SUIC.P5","","","","","","","","","","","","","","","","","","","","","","","","","","","","","","","","","","","","","","","","","9.3","","","","","6.2","","","","","5.3","","","","","4.6","4.6","",
"Middle East & North Africa (IDA & IBRD countries)","TMN","Suicide mortality rate (per 100,000 population)","SH.STA.SUIC.P5","","","","","","","","","","","","","","","","","","","","","","","","","","","","","","","","","","","","","","","","","5.62981898664834","","","","","5.50600656563579","","","","","4.45452695056888","","","","","3.85006026918157","3.92851232872242","",
"Tonga","TON","Suicide mortality rate (per 100,000 population)","SH.STA.SUIC.P5","","","","","","","","","","","","","","","","","","","","","","","","","","","","","","","","","","","","","","","","","3.6","","","","","3.4","","","","","3.6","","","","","3.5","3.5","",
"South Asia (IDA & IBRD)","TSA","Suicide mortality rate (per 100,000 population)","SH.STA.SUIC.P5","","","","","","","","","","","","","","","","","","","","","","","","","","","","","","","","","","","","","","","","","14.9319787609324","","","","","14.8858046741519","","","","","13.8822963722108","","","","","13.6883075287497","13.4982767774954","",
"Sub-Saharan Africa (IDA & IBRD countries)","TSS","Suicide mortality rate (per 100,000 population)","SH.STA.SUIC.P5","","","","","","","","","","","","","","","","","","","","","","","","","","","","","","","","","","","","","","","","","8.4649354463679","","","","","8.03968109894748","","","","","7.75308375976867","","","","","7.56585597680873","7.53554391943847","",
"Trinidad and Tobago","TTO","Suicide mortality rate (per 100,000 population)","SH.STA.SUIC.P5","","","","","","","","","","","","","","","","","","","","","","","","","","","","","","","","","","","","","","","","","14.9","","","","","12.3","","","","","14.5","","","","","13.6","13.6","",
"Tunisia","TUN","Suicide mortality rate (per 100,000 population)","SH.STA.SUIC.P5","","","","","","","","","","","","","","","","","","","","","","","","","","","","","","","","","","","","","","","","","3.5","","","","","3.6","","","","","3.6","","","","","3.4","3.4","",
"Turkey","TUR","Suicide mortality rate (per 100,000 population)","SH.STA.SUIC.P5","","","","","","","","","","","","","","","","","","","","","","","","","","","","","","","","","","","","","","","","","7.2","","","","","7.6","","","","","8.4","","","","","7.3","7.3","",
"Tuvalu","TUV","Suicide mortality rate (per 100,000 population)","SH.STA.SUIC.P5","","","","","","","","","","","","","","","","","","","","","","","","","","","","","","","","","","","","","","","","","","","","","","","","","","","","","","","","","","",
"Tanzania","TZA","Suicide mortality rate (per 100,000 population)","SH.STA.SUIC.P5","","","","","","","","","","","","","","","","","","","","","","","","","","","","","","","","","","","","","","","","","6.9","","","","","5.5","","","","","5.3","","","","","5.4","5.4","",
"Uganda","UGA","Suicide mortality rate (per 100,000 population)","SH.STA.SUIC.P5","","","","","","","","","","","","","","","","","","","","","","","","","","","","","","","","","","","","","","","","","11.1","","","","","10.5","","","","","10.5","","","","","9.9","9.9","",
"Ukraine","UKR","Suicide mortality rate (per 100,000 population)","SH.STA.SUIC.P5","","","","","","","","","","","","","","","","","","","","","","","","","","","","","","","","","","","","","","","","","36.9","","","","","34.5","","","","","27.1","","","","","23.1","22.4","",
"Upper middle income","UMC","Suicide mortality rate (per 100,000 population)","SH.STA.SUIC.P5","","","","","","","","","","","","","","","","","","","","","","","","","","","","","","","","","","","","","","","","","13.9690013626158","","","","","12.803704600344","","","","","11.4068803642287","","","","","10.0489013308113","9.92765782082191","",
"Uruguay","URY","Suicide mortality rate (per 100,000 population)","SH.STA.SUIC.P5","","","","","","","","","","","","","","","","","","","","","","","","","","","","","","","","","","","","","","","","","17.4","","","","","15.3","","","","","16.6","","","","","19.4","18.4","",
"United States","USA","Suicide mortality rate (per 100,000 population)","SH.STA.SUIC.P5","","","","","","","","","","","","","","","","","","","","","","","","","","","","","","","","","","","","","","","","","11.3","","","","","11.9","","","","","13.2","","","","","15","15.3","",
"Uzbekistan","UZB","Suicide mortality rate (per 100,000 population)","SH.STA.SUIC.P5","","","","","","","","","","","","","","","","","","","","","","","","","","","","","","","","","","","","","","","","","7.6","","","","","5.8","","","","","6","","","","","7.4","7.4","",
"St. Vincent and the Grenadines","VCT","Suicide mortality rate (per 100,000 population)","SH.STA.SUIC.P5","","","","","","","","","","","","","","","","","","","","","","","","","","","","","","","","","","","","","","","","","6.3","","","","","9.9","","","","","3.3","","","","","2.7","2.4","",
"Venezuela, RB","VEN","Suicide mortality rate (per 100,000 population)","SH.STA.SUIC.P5","","","","","","","","","","","","","","","","","","","","","","","","","","","","","","","","","","","","","","","","","8","","","","","5.9","","","","","4.3","","","","","3.8","3.7","",
"British Virgin Islands","VGB","Suicide mortality rate (per 100,000 population)","SH.STA.SUIC.P5","","","","","","","","","","","","","","","","","","","","","","","","","","","","","","","","","","","","","","","","","","","","","","","","","","","","","","","","","","",
"Virgin Islands (U.S.)","VIR","Suicide mortality rate (per 100,000 population)","SH.STA.SUIC.P5","","","","","","","","","","","","","","","","","","","","","","","","","","","","","","","","","","","","","","","","","","","","","","","","","","","","","","","","","","",
"Vietnam","VNM","Suicide mortality rate (per 100,000 population)","SH.STA.SUIC.P5","","","","","","","","","","","","","","","","","","","","","","","","","","","","","","","","","","","","","","","","","6.7","","","","","6.7","","","","","7","","","","","7.2","7.3","",
"Vanuatu","VUT","Suicide mortality rate (per 100,000 population)","SH.STA.SUIC.P5","","","","","","","","","","","","","","","","","","","","","","","","","","","","","","","","","","","","","","","","","7.3","","","","","5.7","","","","","5.1","","","","","4.5","4.5","",
"World","WLD","Suicide mortality rate (per 100,000 population)","SH.STA.SUIC.P5","","","","","","","","","","","","","","","","","","","","","","","","","","","","","","","","","","","","","","","","","12.8695598933284","","","","","12.3099968301949","","","","","11.4736222969936","","","","","10.7462958455189","10.6335902664167","",
"Samoa","WSM","Suicide mortality rate (per 100,000 population)","SH.STA.SUIC.P5","","","","","","","","","","","","","","","","","","","","","","","","","","","","","","","","","","","","","","","","","8.3","","","","","6.5","","","","","5","","","","","4.5","4.4","",
"Kosovo","XKX","Suicide mortality rate (per 100,000 population)","SH.STA.SUIC.P5","","","","","","","","","","","","","","","","","","","","","","","","","","","","","","","","","","","","","","","","","","","","","","","","","","","","","","","","","","",
"Yemen, Rep.","YEM","Suicide mortality rate (per 100,000 population)","SH.STA.SUIC.P5","","","","","","","","","","","","","","","","","","","","","","","","","","","","","","","","","","","","","","","","","6.8","","","","","8.1","","","","","8.8","","","","","8.6","8.5","",
"South Africa","ZAF","Suicide mortality rate (per 100,000 population)","SH.STA.SUIC.P5","","","","","","","","","","","","","","","","","","","","","","","","","","","","","","","","","","","","","","","","","11.6","","","","","11.8","","","","","12.2","","","","","11.8","11.6","",
"Zambia","ZMB","Suicide mortality rate (per 100,000 population)","SH.STA.SUIC.P5","","","","","","","","","","","","","","","","","","","","","","","","","","","","","","","","","","","","","","","","","8.1","","","","","6.5","","","","","6.3","","","","","6.1","6.1","",
"Zimbabwe","ZWE","Suicide mortality rate (per 100,000 population)","SH.STA.SUIC.P5","","","","","","","","","","","","","","","","","","","","","","","","","","","","","","","","","","","","","","","","","12.9","","","","","13.9","","","","","11.9","","","","","10.6","10.7","",
